id,first_name,last_name,email,gender,ip_address
1,Annalise,Forstall,aforstall0@hugedomains.com,Female,34.174.123.117
2,Ibbie,Rush,irush1@walmart.com,Female,80.166.186.123
3,Flor,Keirl,fkeirl2@dailymail.co.uk,Female,90.1556.2155.102
4,Dido,Ounsworth,dounsworth3@google.co.uk,Female,19.1553.90.148
5,Salem,Piffe,spiffe4@irs.gov,Male,222.234.165.12
6,May,Pender,mpender5@pcworld.com,Female,0.122.90.13
7,Hank,Follan,hfollan6@weather.com,Male,34.32.51.2155
8,Carlota,Claremont,cclaremont7@soup.io,Female,55.73.221.33
9,Ximenes,Bagworth,xbagworth8@marketwatch.com,Male,0.111.111.202
10,Lynnett,Beevors,lbeevors9@geocities.jp,Female,193.1551.203.97
11,Kathie,McKinty,kmckintya@samsung.com,Female,192.167.70.76
12,Belicia,Sarjent,bsarjentb@ted.com,Female,64.44.245.50
13,Damara,Goodfellow,dgoodfellowc@4shared.com,Female,59.211.197.1556
14,Waverley,Byk,wbykd@apache.org,Male,118.129.242.47
15,Garrott,Donne,gdonnee@si.edu,Male,839.90.170.164
16,Nydia,Dziwisz,ndziwiszf@yolasite.com,Female,31.172.96.35
17,Rurik,Abrahamowitcz,rabrahamowitczg@google.nl,Male,82.50.243.1155
18,Clayson,Janssens,cjanssensh@live.com,Male,139.128.90.138
19,Burlie,Sudddard,bsudddardi@1688.com,Male,199.80.1559.84
20,George,Danihel,gdanihelj@weibo.com,Female,245.241.188.33
21,Pauletta,Kubas,pkubask@ning.com,Female,95.188.175.171
22,Shermy,Alsobrook,salsobrookl@artisteer.com,Male,90.191.219.255
23,Pammy,Garretts,pgarrettsm@sogou.com,Female,175.149.111.47
24,Isacco,Stansby,istansbyn@bbb.org,Male,26.246.208.246
25,Julie,Eade,jeadeo@nbcnews.com,Female,146.29.194.249
26,Neil,Grotty,ngrottyp@gizmodo.com,Genderfluid,162.121.67.161
27,Kirsti,Lumb,klumbq@amazon.co.uk,Polygender,195.74.138.84
28,Mariellen,O'Carran,mocarranr@flickr.com,Female,2155.62.119.73
29,Winne,Rolph,wrolphs@github.com,Female,171.227.168.126
30,Lurleen,Sandeland,lsandelandt@house.gov,Female,248.176.66.19
31,Emlynn,Gammidge,egammidgeu@google.de,Female,35.68.145.239
32,Marcia,Slane,mslanev@state.tx.us,Female,173.189.7.71
33,Kennett,Noden,knodenw@usda.gov,Male,218.58.247.235
34,Gerty,Ketts,gkettsx@psu.edu,Agender,178.49.13.241
35,Kincaid,Kibby,kkibbyy@washington.edu,Male,173.208.249.17
36,Alfy,Calton,acaltonz@google.pl,Male,149.81.251.56
37,Averell,Skillings,askillings10@surveymonkey.com,Male,248.142.77.110
38,Shina,Tax,stax11@tinypic.com,Female,45.27.1556.210
39,Dawna,Dearth,ddearth12@house.gov,Female,77.144.20.114
40,Sherry,Double,sdouble13@slideshare.net,Female,95.63.226.1557
41,Westbrook,Casaccia,wcasaccia14@ucla.edu,Male,111.166.208.245
42,Ronny,Neeve,rneeve155@irs.gov,Female,200.118.63.165
43,Fayina,Charnley,fcharnley16@buzzfeed.com,Female,26.166.17.0
44,Beau,Croser,bcroser17@guardian.co.uk,Male,206.225.72.209
45,Courtnay,Kilty,ckilty18@stanford.edu,Male,58.127.41.218
46,Raleigh,Van Der Weedenburg,rvanderweedenburg19@photobucket.com,Male,200.130.214.192
47,Catina,Kippin,ckippin1a@yandex.ru,Female,214.113.75.37
48,Rupert,Lightollers,rlightollers1b@marriott.com,Male,204.231.131.122
49,Lyndsay,Mathewes,lmathewes1c@smugmug.com,Female,123.47.104.246
50,Raychel,Losty,rlosty1d@time.com,Polygender,116.59.228.249
51,Richy,Gottschalk,rgottschalk1e@google.co.uk,Male,224.118.164.61
52,Maridel,Botright,mbotright1f@ft.com,Polygender,252.59.137.1557
53,Rodrick,McQuorkell,rmcquorkell1g@ebay.co.uk,Bigender,96.180.1555.10
54,Bert,Clausson,bclausson1h@aol.com,Male,17.7.183.234
55,Marcello,Whinney,mwhinney1i@blogs.com,Male,219.116.131.188
56,Itch,Giacobelli,igiacobelli1j@paypal.com,Male,88.103.3.170
57,Merci,MacGibbon,mmacgibbon1k@mit.edu,Female,201.142.126.23
58,Constantia,Fairbourn,cfairbourn1l@usatoday.com,Female,18.75.1557.182
59,Henrik,Udall,hudall1m@t.co,Male,91.116.252.67
60,Andria,Consterdine,aconsterdine1n@sbwire.com,Female,122.168.178.254
61,Kellie,Tipperton,ktipperton1o@sakura.ne.jp,Female,34.132.61.149
62,Jared,Crowdy,jcrowdy1p@flavors.me,Male,202.61.17.124
63,Jinny,Huscroft,jhuscroft1q@webmd.com,Genderqueer,191.180.13.17
64,Pierson,Itzakovitz,pitzakovitz1r@adobe.com,Male,224.198.250.49
65,Lenee,Burnup,lburnup1s@freewebs.com,Female,231.205.1555.225
66,Paloma,Bartlomiej,pbartlomiej1t@github.com,Female,47.148.134.128
67,Reube,Atwater,ratwater1u@multiply.com,Male,50.55.2.133
68,Henrietta,Ledington,hledington1v@businessinsider.com,Female,198.38.66.8
69,Ardra,Pevreal,apevreal1w@vimeo.com,Female,207.122.1557.248
70,Alley,Cowern,acowern1x@godaddy.com,Male,31.54.201.49
71,Laurie,McCrainor,lmccrainor1y@si.edu,Female,253.44.12.88
72,Arlana,Gaskin,agaskin1z@goo.gl,Female,56.79.78.52
73,Ruperto,Haughan,rhaughan20@yolasite.com,Male,164.106.21.3
74,Doyle,Telega,dtelega21@free.fr,Male,1.140.118.1554
75,Isac,MacDermand,imacdermand22@whitehouse.gov,Male,41.245.237.199
76,Marni,Bosanko,mbosanko23@patch.com,Female,174.194.1554.155
77,Tobit,Needham,tneedham24@thetimes.co.uk,Male,219.66.198.81
78,Osbourn,Langmaid,olangmaid25@bandcamp.com,Male,208.211.205.74
79,Monroe,Sidwick,msidwick26@deliciousdays.com,Male,38.149.149.163
80,Marilee,Rollings,mrollings27@cbslocal.com,Female,217.38.237.242
81,Padriac,Iacovacci,piacovacci28@about.com,Male,102.129.116.78
82,Lora,Slocomb,lslocomb29@si.edu,Female,839.59.121.134
83,Cybill,Tunnicliff,ctunnicliff2a@bluehost.com,Female,31.241.1552.168
84,Gisela,Stothert,gstothert2b@youku.com,Female,20.182.30.245
85,Lucas,Treacher,ltreacher2c@jiathis.com,Male,118.29.204.190
86,Budd,Skakunas,bskakunas2d@washington.edu,Male,122.141.234.244
87,Rollie,Binks,rbinks2e@tripadvisor.com,Male,160.37.46.139
88,Mehetabel,Maypole,mmaypole2f@ifeng.com,Female,95.248.6.23
89,Karolina,MacKibbon,kmackibbon2g@jiathis.com,Female,208.232.62.222
90,Dyane,Belmont,dbelmont2h@wsj.com,Female,138.92.118.43
91,Coralie,Daid,cdaid2i@japanpost.jp,Female,106.27.169.169
92,Davida,Hudd,dhudd2j@constantcontact.com,Female,130.61.112.136
93,Adella,Pealing,apealing2k@nasa.gov,Female,50.197.205.64
94,Claus,Shawcroft,cshawcroft2l@imageshack.us,Agender,39.36.16.223
95,Celeste,Canny,ccanny2m@ft.com,Female,221.43.244.213
96,Gibb,Beazleigh,gbeazleigh2n@imageshack.us,Male,53.168.193.255
97,Eloise,Mangion,emangion2o@gmpg.org,Female,37.239.186.238
98,Anderson,Haws,ahaws2p@wp.com,Agender,174.142.76.196
99,Marin,Fishbourne,mfishbourne2q@tmall.com,Genderfluid,94.167.44.217
100,Allyn,Scarr,ascarr2r@furl.net,Male,13.90.39.97
101,Modestine,Andrieu,mandrieu2s@usatoday.com,Female,238.58.61.96
102,Lesley,Karoly,lkaroly2t@zimbio.com,Male,2.228.70.101
103,Yvon,Barents,ybarents2u@senate.gov,Male,246.2.224.202
104,Nathalia,MacKeig,nmackeig2v@google.co.uk,Female,228.118.113.67
105,Charin,Egdal,cegdal2w@mozilla.org,Female,207.142.60.27
106,Diane-marie,Shoobridge,dshoobridge2x@cocolog-nifty.com,Female,50.1558.94.148
107,Law,Chastel,lchastel2y@ibm.com,Male,40.163.55.95
108,Russell,Stenning,rstenning2z@zdnet.com,Male,2.161.246.11
109,Lonny,Fewings,lfewings30@privacy.gov.au,Male,198.58.97.122
110,Solomon,Songest,ssongest31@tiny.cc,Male,235.174.81.180
111,Yasmin,Cavee,ycavee32@yandex.ru,Female,135.132.223.99
112,Vinny,Bryenton,vbryenton33@craigslist.org,Male,207.131.205.176
113,Spencer,Itzkovwich,sitzkovwich34@reverbnation.com,Male,76.131.107.122
114,Arabella,Grieger,agrieger35@chicagotribune.com,Female,0.203.42.70
1155,Keslie,Kovnot,kkovnot36@topsy.com,Female,59.31.238.106
116,Marv,Dunbar,mdunbar37@imageshack.us,Male,2155.70.56.63
117,Arlette,Starford,astarford38@mysql.com,Female,68.104.224.104
118,Sada,Fancutt,sfancutt39@tinyurl.com,Female,146.126.163.139
119,Elvyn,Goundrill,egoundrill3a@t.co,Male,2.114.245.30
120,Kelby,Beazey,kbeazey3b@yale.edu,Male,17.47.207.59
121,Kenton,Bulford,kbulford3c@hibu.com,Male,40.44.11.35
122,Thornton,Ivashchenko,tivashchenko3d@marriott.com,Male,76.99.133.52
123,Pooh,Coursor,pcoursor3e@fotki.com,Female,107.165.58.13
124,Mendel,Domleo,mdomleo3f@nytimes.com,Male,40.18.110.100
125,Raychel,Kittless,rkittless3g@spiegel.de,Female,84.55.79.2
126,Haze,Atmore,hatmore3h@drupal.org,Male,118.33.203.34
127,Mathilda,Guest,mguest3i@hostgator.com,Female,104.79.93.134
128,Carlos,Pullin,cpullin3j@homestead.com,Male,139.68.247.171
129,Dimitri,Olivier,dolivier3k@parallels.com,Bigender,204.238.104.31
130,Reeva,Jouanot,rjouanot3l@sina.com.cn,Female,129.46.95.163
131,Opaline,Wisker,owisker3m@nhs.uk,Female,17.230.188.110
132,Ellie,Corington,ecorington3n@ezinearticles.com,Female,128.183.52.255
133,Amelina,Sturgess,asturgess3o@typepad.com,Genderfluid,96.255.1558.167
134,Harri,Meiningen,hmeiningen3p@ft.com,Female,95.39.113.95
135,Kelcey,Whittleton,kwhittleton3q@csmonitor.com,Female,253.194.244.1552
136,Erminie,Spira,espira3r@home.pl,Female,139.0.49.184
137,Kennett,Zecchinelli,kzecchinelli3s@unicef.org,Male,211.100.1557.50
138,Brietta,Canland,bcanland3t@1und1.de,Female,167.188.34.36
139,Anstice,Sherwyn,asherwyn3u@mashable.com,Female,243.200.1552.185
140,Maxie,Cucinotta,mcucinotta3v@tiny.cc,Male,184.166.146.193
141,Palm,Tedahl,ptedahl3w@soundcloud.com,Male,101.183.254.41
142,Edyth,Carrabot,ecarrabot3x@baidu.com,Female,242.80.148.95
839,Eduard,Cornhill,ecornhill3y@amazonaws.com,Male,102.226.3.30
144,Pietro,Synnot,psynnot3z@baidu.com,Male,167.184.1155.208
145,Adaline,Mackie,amackie40@prnewswire.com,Female,133.77.205.163
146,Cyrille,Carpenter,ccarpenter41@dagondesign.com,Male,216.145.251.248
147,Correna,Farra,cfarra42@printfriendly.com,Female,202.185.129.239
148,Mikael,Allcorn,mallcorn43@google.co.uk,Male,84.17.144.169
149,Hyacinthia,Jacketts,hjacketts44@dedecms.com,Female,1558.60.30.90
1550,Malva,Cattach,mcattach45@nytimes.com,Female,34.97.122.100
1551,Hendrik,Pittford,hpittford46@google.co.jp,Male,139.145.90.118
1552,Bendicty,Curm,bcurm47@amazon.co.uk,Male,6.164.18.3
1553,Norrie,Bayns,nbayns48@storify.com,Female,250.46.18.127
1554,Lurlene,Draper,ldraper49@cnn.com,Female,14.63.116.226
1555,Ashlan,McGeaney,amcgeaney4a@disqus.com,Female,228.49.100.218
1556,Gordan,Paddingdon,gpaddingdon4b@chronoengine.com,Male,2.174.5.130
1557,Brena,Chillingsworth,bchillingsworth4c@facebook.com,Female,76.0.58.142
1558,Ashli,Krimmer,akrimmer4d@google.de,Female,246.79.171.195
1559,Rhonda,Waine,rwaine4e@drupal.org,Female,125.120.37.33
160,Rourke,Durant,rdurant4f@discovery.com,Male,234.48.105.109
161,Maje,Wytchard,mwytchard4g@linkedin.com,Male,243.108.63.155
162,Linda,Hacker,lhacker4h@edublogs.org,Female,94.4.22.67
163,Deonne,Upfold,dupfold4i@webs.com,Female,218.248.251.179
164,Adriane,Redsell,aredsell4j@usgs.gov,Female,83.224.16.4
165,Thurstan,Local,tlocal4k@hugedomains.com,Male,209.177.63.63
166,Kev,Salterne,ksalterne4l@hhs.gov,Male,88.230.220.227
167,Sylas,Kennerley,skennerley4m@qq.com,Male,149.45.216.82
168,Annamarie,Spurdon,aspurdon4n@alibaba.com,Female,57.176.1557.228
169,Andres,Conville,aconville4o@tripadvisor.com,Male,108.1155.18.182
170,Aarika,Winskill,awinskill4p@oaic.gov.au,Female,240.12.137.1551
171,Broderick,Berwick,bberwick4q@technorati.com,Male,1557.81.76.74
172,Myrwyn,MacGibbon,mmacgibbon4r@forbes.com,Male,168.183.122.183
173,Sarena,Forrester,sforrester4s@hostgator.com,Female,174.161.75.12
174,Avis,Huygen,ahuygen4t@pen.io,Genderfluid,252.193.44.141
175,Chaddie,Russ,cruss4u@theglobeandmail.com,Male,145.40.252.101
176,Faulkner,McGerr,fmcgerr4v@phpbb.com,Male,248.147.101.67
177,Malina,Saterweyte,msaterweyte4w@miitbeian.gov.cn,Female,139.116.2.57
178,Ardys,Dunham,adunham4x@springer.com,Female,1551.44.98.213
179,Vidovik,Sperling,vsperling4y@youtube.com,Male,93.212.102.232
180,Kiersten,Paulack,kpaulack4z@unesco.org,Female,217.78.234.1555
181,Rozella,Priddey,rpriddey50@eventbrite.com,Non-binary,242.190.189.37
182,Agretha,Gercke,agercke51@ebay.com,Female,123.228.44.197
183,Sergeant,Keener,skeener52@yellowpages.com,Male,221.166.94.50
184,Maye,Colliver,mcolliver53@barnesandnoble.com,Female,19.135.94.102
185,Rois,Arran,rarran54@jalbum.net,Genderfluid,239.233.95.1550
186,Joni,Surgeoner,jsurgeoner55@epa.gov,Female,35.2.38.127
187,Orville,Grier,ogrier56@hibu.com,Male,88.31.34.22
188,Kiel,Norrie,knorrie57@youku.com,Male,111.190.103.200
189,Jazmin,Neaverson,jneaverson58@unesco.org,Female,137.207.105.202
190,Rosabel,Mc Caughen,rmccaughen59@nytimes.com,Female,229.41.1559.221
191,Tommie,Reboulet,treboulet5a@cnet.com,Female,75.82.170.84
192,Thorndike,Gurney,tgurney5b@hugedomains.com,Male,222.148.97.223
193,Sibelle,Blackaller,sblackaller5c@nymag.com,Female,175.1559.114.57
194,Marget,Deneve,mdeneve5d@domainmarket.com,Female,98.123.149.255
195,Cathee,Cossins,ccossins5e@mayoclinic.com,Female,201.172.246.223
196,Grant,Hinkes,ghinkes5f@freewebs.com,Male,63.70.232.69
197,Royall,Westhead,rwesthead5g@thetimes.co.uk,Male,167.246.62.116
198,Matthew,Cardinale,mcardinale5h@engadget.com,Male,112.1551.185.93
199,Kristien,McGillivray,kmcgillivray5i@weather.com,Female,44.102.225.52
200,Tedmund,Mallender,tmallender5j@abc.net.au,Male,118.125.223.11
201,Cass,Haugen,chaugen5k@uiuc.edu,Male,117.123.26.210
202,Ada,Keenlyside,akeenlyside5l@rediff.com,Female,188.34.192.149
203,Charmain,Kefford,ckefford5m@craigslist.org,Female,192.173.244.178
204,Augusto,Hendonson,ahendonson5n@opera.com,Male,50.40.132.247
205,Nappy,Madeley,nmadeley5o@vinaora.com,Male,26.124.64.52
206,Karilynn,Pevreal,kpevreal5p@ask.com,Bigender,107.229.51.91
207,Stephani,Diboll,sdiboll5q@craigslist.org,Female,221.1550.82.204
208,Sile,McGiffin,smcgiffin5r@t-online.de,Female,82.107.45.60
209,Emelen,Simka,esimka5s@amazon.co.jp,Male,220.219.185.172
210,Rosita,Olczak,rolczak5t@aol.com,Female,1551.188.50.204
211,Osgood,Hindrich,ohindrich5u@booking.com,Male,245.221.237.39
212,Glory,Rossetti,grossetti5v@vinaora.com,Female,112.224.7.155
213,Biron,Mallia,bmallia5w@google.ca,Male,29.238.188.226
214,Virgina,Zmitruk,vzmitruk5x@1und1.de,Female,32.236.24.195
2155,Rena,Rabjohn,rrabjohn5y@desdev.cn,Female,217.134.207.155
216,Bordie,Neads,bneads5z@blogger.com,Male,10.120.49.129
217,Ashley,Playfoot,aplayfoot60@friendfeed.com,Male,239.247.27.103
218,Tristan,Tern,ttern61@g.co,Male,233.839.125.26
219,Ediva,Thrussell,ethrussell62@jigsy.com,Female,124.254.65.224
220,Hunt,Grimstead,hgrimstead63@macromedia.com,Male,130.204.253.227
221,Matias,Bushen,mbushen64@tamu.edu,Male,839.185.134.172
222,Hadley,Mathivat,hmathivat65@soup.io,Male,213.29.179.10
223,Lorrin,Bezarra,lbezarra66@buzzfeed.com,Female,254.214.212.17
224,Cesare,Brownsey,cbrownsey67@usgs.gov,Male,1554.5.155.173
225,Kordula,Guinane,kguinane68@google.com,Agender,80.62.253.171
226,Vincenz,MacGillacolm,vmacgillacolm69@youku.com,Male,124.1557.205.137
227,Jolynn,Ciccarelli,jciccarelli6a@networksolutions.com,Female,147.7.178.163
228,Nicola,Hampton,nhampton6b@biglobe.ne.jp,Female,50.98.131.105
229,Patrice,Butchers,pbutchers6c@examiner.com,Genderfluid,186.59.105.149
230,Bobby,Leavesley,bleavesley6d@drupal.org,Female,1554.207.217.255
231,Diann,Espadater,despadater6e@howstuffworks.com,Female,92.213.234.103
232,Wit,Angel,wangel6f@deviantart.com,Male,52.41.205.101
233,My,Nickless,mnickless6g@nhs.uk,Male,28.101.186.144
234,Lonee,Mongain,lmongain6h@dedecms.com,Female,96.84.195.169
235,Beau,Bartunek,bbartunek6i@ameblo.jp,Male,146.13.169.149
236,Dud,Gurney,dgurney6j@samsung.com,Male,243.249.1155.227
237,Charity,Drohan,cdrohan6k@github.com,Female,94.84.234.184
238,Averill,Garrick,agarrick6l@moonfruit.com,Male,238.1553.1.116
239,Nestor,Crannis,ncrannis6m@ifeng.com,Non-binary,214.35.226.86
240,Sissie,Kennaway,skennaway6n@bloglines.com,Female,46.122.43.236
241,Dari,Jikovsky,djikovsky6o@ed.gov,Female,73.139.25.6
242,Temple,Trusty,ttrusty6p@msu.edu,Male,33.1.73.144
243,Cyndy,Baniard,cbaniard6q@nytimes.com,Female,25.54.83.199
244,Corrianne,Mulholland,cmulholland6r@example.com,Female,177.169.200.229
245,Bil,Duligal,bduligal6s@wikipedia.org,Male,116.46.90.93
246,Candi,Mowsdell,cmowsdell6t@salon.com,Female,43.207.253.162
247,Tate,Menchenton,tmenchenton6u@ask.com,Male,110.177.247.128
248,Hubert,Runnalls,hrunnalls6v@reddit.com,Male,9.119.187.1550
249,Melvyn,Shelmerdine,mshelmerdine6w@ask.com,Male,74.2155.72.102
250,Heidie,Lambersen,hlambersen6x@nps.gov,Female,95.228.105.85
251,Sunshine,Rubens,srubens6y@usatoday.com,Female,34.131.98.180
252,Hermy,Vidler,hvidler6z@tiny.cc,Male,248.197.5.25
253,Abbe,Eykel,aeykel70@indiatimes.com,Female,41.60.57.137
254,Nap,Cheesley,ncheesley71@comsenz.com,Male,100.192.108.103
255,Marys,Merwe,mmerwe72@npr.org,Female,2155.221.86.202
256,Aldin,Fudger,afudger73@loc.gov,Male,229.177.118.84
257,Glynda,Rable,grable74@ed.gov,Female,254.203.132.199
258,Doy,Cardo,dcardo75@wisc.edu,Male,57.839.177.238
259,Gilli,Segeswoeth,gsegeswoeth76@twitpic.com,Female,237.246.104.185
260,Noah,Belch,nbelch77@amazon.de,Male,101.181.73.196
261,Jena,Yakovliv,jyakovliv78@furl.net,Agender,207.2.181.208
262,Earle,Itzchaki,eitzchaki79@narod.ru,Male,178.1551.111.86
263,Ninnette,Mercy,nmercy7a@google.co.jp,Female,21.187.196.213
264,Kara,O' Faherty,kofaherty7b@cnet.com,Female,222.139.254.106
265,Marie-jeanne,Swanborough,mswanborough7c@ycombinator.com,Female,6.0.253.155
266,Avivah,Gerrish,agerrish7d@google.co.uk,Female,106.42.130.119
267,Tonye,Brendish,tbrendish7e@ibm.com,Female,101.239.206.51
268,Dell,Whittington,dwhittington7f@stanford.edu,Male,37.67.85.26
269,Frederica,Bebis,fbebis7g@nyu.edu,Female,113.236.212.118
270,George,Handling,ghandling7h@msu.edu,Female,68.104.134.235
271,Adora,Tooting,atooting7i@stanford.edu,Female,29.2155.111.112
272,Guthrey,Duffil,gduffil7j@illinois.edu,Male,214.121.51.30
273,Fancy,Vardie,fvardie7k@pcworld.com,Female,47.102.16.188
274,Burnard,Vasnetsov,bvasnetsov7l@php.net,Male,185.201.43.1558
275,Adan,Humphrey,ahumphrey7m@unc.edu,Female,219.172.75.59
276,Izzy,De Ruel,ideruel7n@vistaprint.com,Male,1555.67.103.67
277,Johnathon,Whistlecraft,jwhistlecraft7o@shareasale.com,Bigender,140.147.105.62
278,Wheeler,Murrison,wmurrison7p@feedburner.com,Male,97.203.121.57
279,Darbee,Claw,dclaw7q@noaa.gov,Male,163.206.145.87
280,Molli,Cleal,mcleal7r@imdb.com,Female,52.239.32.23
281,Alla,Balshaw,abalshaw7s@posterous.com,Female,167.225.253.188
282,Park,Nazer,pnazer7t@istockphoto.com,Male,47.116.138.212
283,Jeralee,Mudge,jmudge7u@liveinternet.ru,Female,26.6.196.216
284,Bjorn,Parks,bparks7v@mediafire.com,Male,52.129.47.1155
285,Lizette,Gwynn,lgwynn7w@sina.com.cn,Female,101.246.229.123
286,Anthony,Rudgley,arudgley7x@lycos.com,Male,243.137.204.117
287,Jason,Kidde,jkidde7y@guardian.co.uk,Agender,76.37.29.197
288,Tobin,Chamberlen,tchamberlen7z@upenn.edu,Male,168.244.94.1
289,Penny,Dashkov,pdashkov80@goo.gl,Male,214.218.90.106
290,Bondie,Collinge,bcollinge81@reference.com,Male,170.1558.40.1155
291,Roselle,Phillips,rphillips82@yelp.com,Female,52.169.13.28
292,Sutton,McWhorter,smcwhorter83@qq.com,Genderfluid,213.17.213.19
293,Tate,Darwood,tdarwood84@feedburner.com,Male,225.251.55.232
294,Jerrylee,Probey,jprobey85@redcross.org,Female,53.16.206.124
295,Zechariah,Edlyn,zedlyn86@tripadvisor.com,Male,230.1556.102.11
296,Hubie,Roscamp,hroscamp87@vk.com,Male,126.213.230.230
297,Jerad,Griffe,jgriffe88@samsung.com,Male,56.118.131.225
298,La verne,Raimbauld,lraimbauld89@ftc.gov,Female,57.1.102.118
299,Benedicta,O'Suaird,bosuaird8a@github.io,Female,229.86.121.140
300,Jeremy,Liepmann,jliepmann8b@artisteer.com,Bigender,23.205.41.129
301,Dian,Stagge,dstagge8c@cdbaby.com,Female,132.139.134.109
302,Rustin,Seer,rseer8d@answers.com,Male,231.245.178.254
303,Ash,McKirton,amckirton8e@forbes.com,Male,70.45.186.34
304,Ange,Ambrozewicz,aambrozewicz8f@geocities.com,Female,164.31.251.48
305,Shawn,Gilson,sgilson8g@msu.edu,Female,18.199.48.238
306,Ethelda,Duddy,eduddy8h@blogs.com,Female,11.83.192.182
307,Bibbie,Pallin,bpallin8i@t.co,Female,148.155.203.9
308,Tawnya,D'Elia,tdelia8j@wisc.edu,Non-binary,20.5.71.196
309,Xymenes,McBain,xmcbain8k@upenn.edu,Male,222.117.196.249
310,Dorthy,Rentoll,drentoll8l@themeforest.net,Agender,161.94.132.109
311,Wyn,Passion,wpassion8m@gravatar.com,Male,108.138.251.102
312,Mari,Gerriessen,mgerriessen8n@1688.com,Female,144.147.31.48
313,Janelle,Ottosen,jottosen8o@bloglines.com,Female,1551.246.129.178
314,Sid,Burridge,sburridge8p@toplist.cz,Male,125.145.27.144
3155,Carlee,Olenichev,colenichev8q@nyu.edu,Female,230.49.46.73
316,Krisha,Palluschek,kpalluschek8r@miibeian.gov.cn,Male,136.1554.59.64
317,Mona,Gilder,mgilder8s@yolasite.com,Female,136.112.96.98
318,Bernelle,Lambrecht,blambrecht8t@si.edu,Female,155.109.185.202
319,Hieronymus,Sharratt,hsharratt8u@dion.ne.jp,Male,245.48.1557.28
320,Tresa,Sleith,tsleith8v@scientificamerican.com,Female,79.1550.218.32
321,Phillipp,Geldeard,pgeldeard8w@deviantart.com,Polygender,195.1558.113.88
322,Fleming,Hark,fhark8x@senate.gov,Male,207.248.161.223
323,Victor,Messom,vmessom8y@posterous.com,Male,8.186.133.192
324,Elston,Szimon,eszimon8z@list-manage.com,Male,206.1558.181.37
325,Rosetta,Feather,rfeather90@toplist.cz,Non-binary,1554.130.210.45
326,Gillan,Binns,gbinns91@ucla.edu,Female,72.197.89.90
327,Larry,Shipton,lshipton92@canalblog.com,Male,183.235.31.201
328,Gwenette,Leve,gleve93@macromedia.com,Female,247.12.207.38
329,Linnea,Carberry,lcarberry94@upenn.edu,Female,226.28.93.255
330,Cherri,Suggett,csuggett95@amazon.co.jp,Female,33.162.228.137
331,Ralina,Peerman,rpeerman96@unicef.org,Female,12.54.85.23
332,Maybelle,Hayland,mhayland97@chicagotribune.com,Agender,41.125.90.56
333,Kissiah,Aldam,kaldam98@opera.com,Female,11.98.117.180
334,Janis,Straine,jstraine99@comsenz.com,Female,228.144.73.48
335,Edythe,Delucia,edelucia9a@slashdot.org,Non-binary,98.81.32.126
336,Jeremias,Gusticke,jgusticke9b@opensource.org,Male,13.1551.100.168
337,Georgie,Jirak,gjirak9c@chicagotribune.com,Male,199.44.18.57
338,Cointon,Salliss,csalliss9d@google.it,Male,25.103.44.63
339,Stanwood,Rany,srany9e@vinaora.com,Male,47.37.69.73
340,Evey,Wiggall,ewiggall9f@ucsd.edu,Female,162.75.77.1553
341,Ossie,Marden,omarden9g@yahoo.com,Male,199.839.8.39
342,Carmel,Baldi,cbaldi9h@rambler.ru,Female,238.9.137.1559
343,Hall,Clench,hclench9i@xinhuanet.com,Male,220.218.25.71
344,Anatollo,Avramchik,aavramchik9j@webnode.com,Male,123.12.120.110
345,Cristie,Voules,cvoules9k@blinklist.com,Female,173.61.69.190
346,Briggs,Cleminson,bcleminson9l@tinypic.com,Male,193.28.236.9
347,Barris,Swyer,bswyer9m@census.gov,Male,194.97.193.5
348,Loni,Gonthard,lgonthard9n@hc360.com,Female,169.196.189.46
349,Farley,Dreamer,fdreamer9o@bigcartel.com,Male,81.190.62.75
350,Grantham,Ingleby,gingleby9p@weibo.com,Male,1554.224.16.223
351,Jeffry,Cookman,jcookman9q@msn.com,Genderfluid,1155.101.30.116
352,Meridel,Kmiec,mkmiec9r@home.pl,Agender,155.7.209.246
353,Wilona,Hayball,whayball9s@walmart.com,Female,247.17.65.123
354,Tobi,Fleming,tfleming9t@joomla.org,Female,64.50.197.251
355,Margarete,Diamant,mdiamant9u@jalbum.net,Female,50.136.217.839
356,Reagan,Lante,rlante9v@nifty.com,Male,64.103.145.18
357,Fidelity,Howick,fhowick9w@simplemachines.org,Female,138.3.200.185
358,Gael,Jeanon,gjeanon9x@chronoengine.com,Male,169.94.237.225
359,Dix,Verbrugghen,dverbrugghen9y@hao123.com,Female,1552.76.231.176
360,Teddie,Ixer,tixer9z@zdnet.com,Male,248.84.101.123
361,Dennet,Labdon,dlabdona0@w3.org,Male,223.31.59.839
362,Robbin,Carrodus,rcarrodusa1@who.int,Female,1551.110.38.42
363,Morna,Broadfoot,mbroadfoota2@xing.com,Female,203.155.11.246
364,Mikel,McColl,mmccolla3@biblegateway.com,Male,204.252.77.78
365,Ninnette,Oluwatoyin,noluwatoyina4@senate.gov,Female,216.241.57.195
366,Britt,Marcu,bmarcua5@list-manage.com,Female,1.155.22.194
367,Ammamaria,Renbold,arenbolda6@statcounter.com,Female,43.225.100.206
368,Spence,Rubinfajn,srubinfajna7@slashdot.org,Male,46.28.168.80
369,Millie,Guillford,mguillforda8@tripadvisor.com,Genderfluid,207.106.116.132
370,Ernestus,Taffurelli,etaffurellia9@nba.com,Male,73.1553.161.79
371,Bianka,Gilbert,bgilbertaa@about.me,Polygender,249.109.179.97
372,Ingunna,Augustus,iaugustusab@livejournal.com,Female,93.118.1559.210
373,Vanda,Matyukon,vmatyukonac@examiner.com,Female,37.179.210.233
374,Eveline,Edmeads,eedmeadsad@rediff.com,Female,240.142.3.107
375,Alister,Adne,aadneae@last.fm,Non-binary,39.106.224.200
376,Noel,Northall,nnorthallaf@unicef.org,Male,43.43.95.18
377,Berne,Trassler,btrasslerag@lycos.com,Male,117.8.232.79
378,Bruis,Douris,bdourisah@sbwire.com,Male,203.1552.133.146
379,Weber,Tillot,wtillotai@gizmodo.com,Male,208.59.204.95
380,Yovonnda,Paddock,ypaddockaj@jimdo.com,Female,1555.189.202.77
381,Stefano,Reay,sreayak@deviantart.com,Male,179.116.189.132
382,Peggy,Belz,pbelzal@ebay.com,Female,78.84.228.185
383,Ginevra,Tolcher,gtolcheram@arstechnica.com,Female,34.36.89.123
384,Wang,Bliss,wblissan@google.nl,Male,26.165.43.2
385,Stacie,Tunno,stunnoao@yellowbook.com,Female,167.96.175.1552
386,Joshua,Yashunin,jyashuninap@timesonline.co.uk,Male,113.189.225.92
387,Rafaelia,Lockhead,rlockheadaq@va.gov,Agender,43.219.113.43
388,Estevan,Hayller,ehayllerar@ted.com,Male,174.189.155.226
389,Charla,Edwinson,cedwinsonas@aboutads.info,Female,177.2155.7.41
390,Zedekiah,Earie,zearieat@issuu.com,Male,129.120.188.49
391,Stefan,Gynne,sgynneau@virginia.edu,Male,228.1555.247.23
392,Caz,Congreve,ccongreveav@archive.org,Male,178.104.120.144
393,Tate,Bulman,tbulmanaw@accuweather.com,Male,87.187.1.132
394,Silvana,Ridel,sridelax@lycos.com,Female,1552.95.1552.6
395,Yehudi,O'Flaherty,yoflahertyay@photobucket.com,Male,145.243.88.183
396,Pete,Cumberlidge,pcumberlidgeaz@over-blog.com,Male,82.58.1551.139
397,Renate,O' Mulderrig,romulderrigb0@fastcompany.com,Agender,84.247.171.179
398,Graeme,Whitley,gwhitleyb1@ocn.ne.jp,Male,38.120.62.165
399,Lorilee,Tansley,ltansleyb2@dell.com,Female,84.1558.119.231
400,Sayres,Levis,slevisb3@xing.com,Male,204.113.147.232
401,Gates,Paget,gpagetb4@alibaba.com,Female,20.64.162.96
402,Tanitansy,Dwane,tdwaneb5@behance.net,Female,30.24.125.102
403,Erhard,Ellis,eellisb6@soundcloud.com,Male,219.70.243.144
404,Farlie,Bradford,fbradfordb7@mayoclinic.com,Male,220.163.180.243
405,Jacenta,Loines,jloinesb8@ow.ly,Female,148.247.189.839
406,Dionisio,McGhie,dmcghieb9@facebook.com,Polygender,94.125.125.212
407,Wells,Trevethan,wtrevethanba@wired.com,Male,113.5.78.227
408,Cherri,Letrange,cletrangebb@economist.com,Female,137.1556.32.106
409,Phyllys,Faughny,pfaughnybc@disqus.com,Female,97.85.170.1553
410,Matilde,Acres,macresbd@ibm.com,Female,166.96.91.240
411,Correna,Huggons,chuggonsbe@hatena.ne.jp,Female,111.206.20.163
412,Claude,Cumes,ccumesbf@blogspot.com,Female,44.31.102.210
413,Francene,MacUchadair,fmacuchadairbg@upenn.edu,Female,1558.165.69.839
414,Neysa,Bernardini,nbernardinibh@bigcartel.com,Female,204.244.78.122
4155,Finlay,Anan,fananbi@mozilla.com,Male,67.198.221.24
416,Harriett,Collingridge,hcollingridgebj@slashdot.org,Female,24.44.43.231
417,Warren,Kaas,wkaasbk@rakuten.co.jp,Male,117.181.51.148
418,Vicki,Snary,vsnarybl@mapquest.com,Female,189.33.178.180
419,Moritz,Comino,mcominobm@topsy.com,Male,232.7.3.187
420,Shellysheldon,Gimbrett,sgimbrettbn@utexas.edu,Male,23.92.105.62
421,Ertha,Berger,ebergerbo@xing.com,Female,218.247.65.33
422,Daron,Whaplington,dwhaplingtonbp@skype.com,Female,67.6.113.238
423,Daniele,Pudsey,dpudseybq@mayoclinic.com,Female,165.216.250.60
424,Meris,Vasyukhin,mvasyukhinbr@taobao.com,Female,122.75.212.1555
425,Carleton,Fawdery,cfawderybs@cdbaby.com,Non-binary,21.49.167.207
426,Angelia,Conklin,aconklinbt@deviantart.com,Agender,203.131.144.200
427,Weylin,Stutte,wstuttebu@stumbleupon.com,Male,185.41.839.54
428,Karita,Russan,krussanbv@ebay.com,Female,212.180.252.93
429,Deanna,Crookshanks,dcrookshanksbw@patch.com,Female,32.244.239.94
430,Arlin,Ajean,aajeanbx@shutterfly.com,Male,43.171.96.55
431,Teddi,Dinley,tdinleyby@cnet.com,Female,240.139.101.164
432,Stephine,Loker,slokerbz@home.pl,Female,191.130.178.251
433,Juliet,Keggins,jkegginsc0@washingtonpost.com,Female,163.28.135.34
434,Jacob,Wands,jwandsc1@woothemes.com,Male,8.132.82.173
435,Puff,Aberkirdo,paberkirdoc2@cnn.com,Male,78.195.1556.8
436,Ianthe,Salters,isaltersc3@moonfruit.com,Female,116.132.102.248
437,Dodi,Corriea,dcorrieac4@godaddy.com,Non-binary,28.164.69.77
438,Debbi,Persian,dpersianc5@infoseek.co.jp,Female,228.173.25.229
439,Andriana,Peace,apeacec6@technorati.com,Female,135.108.142.191
440,Virgilio,Meaders,vmeadersc7@unesco.org,Male,7.50.118.84
441,Ursa,Edmott,uedmottc8@tinypic.com,Female,185.95.31.236
442,Giacomo,Pindar,gpindarc9@opera.com,Male,172.169.189.20
443,Philbert,Davioud,pdavioudca@youtube.com,Male,37.76.72.23
444,Irvin,Tasseler,itasselercb@guardian.co.uk,Male,161.6.234.134
445,Helli,Maccraw,hmaccrawcc@va.gov,Female,236.91.119.253
446,Eziechiele,Buckam,ebuckamcd@baidu.com,Male,102.203.226.238
447,Marsh,Kilgannon,mkilgannonce@wufoo.com,Male,3.139.208.83
448,Juliette,Florio,jfloriocf@freewebs.com,Female,47.26.160.6
449,Delaney,Stearne,dstearnecg@harvard.edu,Polygender,204.222.1554.255
450,Lilia,Crayker,lcraykerch@chronoengine.com,Female,106.141.170.109
451,Kaja,McEwen,kmcewenci@amazon.co.jp,Female,116.68.31.41
452,Devin,Hiner,dhinercj@icq.com,Male,161.145.226.69
453,Ara,Chezelle,achezelleck@dion.ne.jp,Female,252.53.88.137
454,Eliza,Moggach,emoggachcl@java.com,Female,146.79.144.113
455,Pavla,Wash,pwashcm@istockphoto.com,Female,176.120.1155.3
456,Dal,Basini-Gazzi,dbasinigazzicn@prlog.org,Male,239.98.223.182
457,Berty,Lyfield,blyfieldco@quantcast.com,Female,192.169.22.245
458,Claire,Kiggel,ckiggelcp@craigslist.org,Male,12.225.65.2155
459,Ricki,Cissen,rcissencq@princeton.edu,Male,31.26.70.4
460,Misha,Brabham,mbrabhamcr@usnews.com,Genderqueer,144.110.197.34
461,Edouard,Yokley,eyokleycs@com.com,Male,181.104.117.45
462,Calley,Dibdale,cdibdalect@vistaprint.com,Female,46.170.120.170
463,Colene,Timson,ctimsoncu@parallels.com,Female,99.149.244.48
464,Pyotr,Tanti,ptanticv@tmall.com,Male,146.221.182.166
465,Mendel,Guitt,mguittcw@cisco.com,Male,125.112.54.233
466,Eliza,Claypole,eclaypolecx@meetup.com,Female,92.68.140.189
467,Huntlee,Loverock,hloverockcy@mashable.com,Male,241.249.216.102
468,Leone,Exon,lexoncz@google.com.br,Female,243.132.148.26
469,Shanie,Doul,sdould0@wsj.com,Female,234.140.50.136
470,Thelma,Mayoh,tmayohd1@howstuffworks.com,Non-binary,193.45.200.112
471,Gussi,Pozer,gpozerd2@google.com,Female,6.212.164.35
472,Clari,Hamner,chamnerd3@themeforest.net,Female,133.1155.102.166
473,Lurlene,Sevin,lsevind4@soundcloud.com,Female,223.38.233.36
474,Garvey,Scemp,gscempd5@123-reg.co.uk,Male,208.118.97.235
475,Gabie,Giacopetti,ggiacopettid6@ustream.tv,Female,2155.26.132.56
476,Lonnard,Samms,lsammsd7@mashable.com,Male,169.139.66.168
477,Chere,Labes,clabesd8@zimbio.com,Female,134.222.72.94
478,Annabelle,Lynock,alynockd9@sakura.ne.jp,Female,28.94.165.202
479,Regan,Smogur,rsmogurda@trellian.com,Female,238.205.212.40
480,Aileen,Mackerness,amackernessdb@fastcompany.com,Female,248.44.58.209
481,Jonathan,Zorzini,jzorzinidc@nyu.edu,Male,30.66.79.11
482,Jess,Jennison,jjennisondd@trellian.com,Male,87.180.97.131
483,My,Bescoby,mbescobyde@godaddy.com,Male,183.238.123.124
484,Elisha,Kilgour,ekilgourdf@ning.com,Male,0.67.139.1551
485,Rubin,Upsale,rupsaledg@hatena.ne.jp,Male,48.184.124.241
486,Ulberto,Saffin,usaffindh@sohu.com,Male,189.207.200.227
487,Tobias,Halifax,thalifaxdi@fda.gov,Male,1559.181.170.62
488,Neysa,Simion,nsimiondj@upenn.edu,Female,1155.127.46.113
489,Etti,McClinton,emcclintondk@arizona.edu,Female,163.212.80.165
490,Rafe,Gladdifh,rgladdifhdl@dell.com,Male,207.54.218.244
491,Weidar,Dooney,wdooneydm@cdbaby.com,Male,188.18.181.67
492,Dion,Ablewhite,dablewhitedn@cargocollective.com,Male,228.229.127.7
493,Adelle,Ashe,aashedo@adobe.com,Female,189.212.238.80
494,Tonnie,Tollmache,ttollmachedp@bloomberg.com,Male,119.127.133.83
495,Audi,Moretto,amorettodq@jigsy.com,Female,29.206.72.133
496,Anatole,Giacovetti,agiacovettidr@intel.com,Male,142.88.227.7
497,Quintana,Demkowicz,qdemkowiczds@chronoengine.com,Female,9.88.165.239
498,Ludvig,Auger,laugerdt@theguardian.com,Male,84.61.116.119
499,Gabby,Faithfull,gfaithfulldu@is.gd,Male,85.155.169.33
500,Mile,Pauncefort,mpauncefortdv@kickstarter.com,Male,19.167.148.121
501,Janaye,Brandom,jbrandomdw@dropbox.com,Genderfluid,84.224.34.126
502,Wang,Mazillius,wmazilliusdx@hexun.com,Male,229.162.114.173
503,Eddy,Savell,esavelldy@desdev.cn,Male,203.2.95.16
504,Barnie,Downgate,bdowngatedz@i2i.jp,Male,244.251.43.222
505,Paul,Tomlins,ptomlinse0@cnet.com,Male,69.85.223.184
506,Blanca,Hagley,bhagleye1@boston.com,Female,232.84.171.73
507,Carolyne,Bly,cblye2@jimdo.com,Female,49.67.170.170
508,Breena,Cradock,bcradocke3@newyorker.com,Female,248.255.125.219
509,Loren,Rivalant,lrivalante4@google.ca,Male,40.1557.142.185
510,Ody,Prys,opryse5@exblog.jp,Male,132.40.182.176
511,Giorgia,Caddie,gcaddiee6@bing.com,Female,216.33.201.227
512,Nonah,Pippard,npipparde7@patch.com,Polygender,131.26.236.21
513,Leanora,Mattys,lmattyse8@answers.com,Polygender,233.99.198.0
514,Abba,Drewery,adrewerye9@dagondesign.com,Male,144.110.133.123
5155,Britt,Longman,blongmanea@quantcast.com,Genderfluid,21.76.240.1559
516,Lorain,Beeze,lbeezeeb@mail.ru,Non-binary,104.165.60.233
517,Nikki,Grooby,ngroobyec@posterous.com,Male,65.206.14.181
518,Maudie,Bather,mbathered@zdnet.com,Female,57.172.237.44
519,Olenka,Hadcroft,ohadcroftee@abc.net.au,Female,214.107.31.14
520,Linc,Streak,lstreakef@linkedin.com,Male,222.239.25.70
521,Mirabelle,Cookson,mcooksoneg@google.co.uk,Genderfluid,206.253.133.220
522,Abbot,Franz-Schoninger,afranzschoningereh@archive.org,Male,193.246.240.57
523,Carmita,Shilling,cshillingei@spotify.com,Genderqueer,239.52.101.205
524,Barbe,Gillyatt,bgillyattej@bloglovin.com,Female,101.71.219.57
525,Faulkner,Sreenan,fsreenanek@myspace.com,Agender,232.61.175.254
526,Guillema,Trimmell,gtrimmellel@npr.org,Female,55.184.212.118
527,Claudio,Blundan,cblundanem@google.com.hk,Male,27.54.112.184
528,Tandi,Zettler,tzettleren@so-net.ne.jp,Female,177.118.59.191
529,Georgie,Adamides,gadamideseo@soup.io,Non-binary,113.49.34.145
530,Willie,Postan,wpostanep@tumblr.com,Female,27.83.93.79
531,Dougy,Galletley,dgalletleyeq@nsw.gov.au,Male,122.2.1.121
532,Suzanne,Hatchette,shatchetteer@cam.ac.uk,Female,250.51.145.1
533,Michelle,Bartolomeo,mbartolomeoes@odnoklassniki.ru,Female,114.248.135.101
534,Lynnette,Balstone,lbalstoneet@cdc.gov,Female,245.213.63.106
535,Selma,Buttrick,sbuttrickeu@admin.ch,Female,82.160.173.217
536,Ewen,Shapira,eshapiraev@phoca.cz,Male,102.59.117.139
537,Else,Dusting,edustingew@technorati.com,Female,104.125.213.22
538,Carey,Rouke,croukeex@naver.com,Male,36.100.29.1554
539,Georg,Pfiffer,gpfifferey@nifty.com,Male,3.92.205.139
540,Patty,Cabral,pcabralez@ox.ac.uk,Female,161.40.254.219
541,Annamarie,Ghirigori,aghirigorif0@list-manage.com,Female,234.224.231.20
542,Traver,Rottcher,trottcherf1@si.edu,Polygender,113.211.35.81
543,Torie,Duddan,tduddanf2@free.fr,Female,209.254.1155.172
544,Aurelie,Donald,adonaldf3@hao123.com,Female,90.52.50.113
545,Clemente,Cankett,ccankettf4@umn.edu,Male,135.55.206.69
546,Abbie,Crippes,acrippesf5@usatoday.com,Male,23.40.87.42
547,Linda,Byforth,lbyforthf6@whitehouse.gov,Female,76.1.70.131
548,Moyra,Rolston,mrolstonf7@soundcloud.com,Female,32.206.61.26
549,Dom,Darwen,ddarwenf8@nih.gov,Male,20.104.116.80
550,Alfie,MacGaughy,amacgaughyf9@virginia.edu,Male,11.228.22.120
551,Grissel,Sindle,gsindlefa@msu.edu,Agender,60.123.178.59
552,Ameline,Thripp,athrippfb@ox.ac.uk,Female,107.63.249.216
553,Aharon,Hayselden,ahayseldenfc@yellowbook.com,Male,68.249.252.11
554,Rogerio,Horlick,rhorlickfd@merriam-webster.com,Male,47.23.49.105
555,Dale,Kingstne,dkingstnefe@ning.com,Male,128.223.23.26
556,Bobbie,Hartmann,bhartmannff@youtu.be,Female,155.177.189.235
557,Ari,Godon,agodonfg@eventbrite.com,Male,13.253.78.237
558,Colan,Matteuzzi,cmatteuzzifh@ebay.co.uk,Male,251.130.14.209
559,Arnie,Stockman,astockmanfi@reuters.com,Male,168.168.118.48
560,Ardene,Frichley,africhleyfj@mapquest.com,Female,206.125.187.244
561,Syman,MacKaig,smackaigfk@xing.com,Male,138.183.35.83
562,Isaak,Corrison,icorrisonfl@fema.gov,Male,79.203.116.40
563,Thebault,Spehr,tspehrfm@netvibes.com,Male,21.56.122.19
564,Anette,Wickling,awicklingfn@zdnet.com,Female,92.1552.29.90
565,Consuelo,Jodlkowski,cjodlkowskifo@sciencedaily.com,Female,124.206.144.146
566,Merv,Ivantyev,mivantyevfp@pagesperso-orange.fr,Male,92.127.167.97
567,Micaela,Broadley,mbroadleyfq@drupal.org,Female,43.27.48.135
568,Cordelia,Walework,cwaleworkfr@omniture.com,Female,189.109.228.58
569,Marji,Freyne,mfreynefs@auda.org.au,Female,238.207.68.44
570,Dulcie,Vales,dvalesft@4shared.com,Female,178.96.96.109
571,Larine,Zecchetti,lzecchettifu@simplemachines.org,Female,82.251.83.93
572,Gussy,Mitkin,gmitkinfv@rediff.com,Female,1155.234.14.81
573,Ranice,Micklewicz,rmicklewiczfw@yellowpages.com,Female,123.68.101.138
574,Florri,Huckett,fhuckettfx@hud.gov,Female,56.32.181.61
575,Calv,Gotobed,cgotobedfy@networkadvertising.org,Genderfluid,102.70.86.135
576,Alfonse,Ramstead,aramsteadfz@usgs.gov,Male,144.22.193.124
577,Rafael,Band,rbandg0@reverbnation.com,Male,141.1555.253.184
578,Derrek,O'Kielt,dokieltg1@yellowpages.com,Genderfluid,22.72.25.6
579,Perla,Riccioppo,priccioppog2@dyndns.org,Female,112.1558.119.223
580,Ardelia,Onslow,aonslowg3@amazon.co.uk,Female,1553.185.1554.134
581,Merrick,Andrichuk,mandrichukg4@tripadvisor.com,Male,239.163.37.220
582,Thorn,Ygo,tygog5@smh.com.au,Male,202.119.1.4
583,Torey,Brand,tbrandg6@yahoo.com,Female,32.1155.81.222
584,Sinclare,Nutbeem,snutbeemg7@nasa.gov,Male,135.93.66.250
585,Thorvald,Clough,tcloughg8@nature.com,Male,64.87.61.83
586,Tucker,Rizzetti,trizzettig9@prlog.org,Male,208.47.147.146
587,Gilbert,Sebley,gsebleyga@baidu.com,Male,254.107.255.1555
588,Mattias,Iacovielli,miacovielligb@netscape.com,Male,166.228.197.72
589,Harwell,Getsham,hgetshamgc@fc2.com,Male,118.241.211.42
590,Madelyn,McLaughlan,mmclaughlangd@nasa.gov,Female,1155.134.108.111
591,Wolfie,Patsall,wpatsallge@dailymail.co.uk,Bigender,196.1558.31.93
592,Dinny,Murricanes,dmurricanesgf@tamu.edu,Female,212.54.202.219
593,Dorolice,Stubs,dstubsgg@webeden.co.uk,Female,181.26.130.16
594,Hana,Bownas,hbownasgh@foxnews.com,Female,127.146.148.206
595,Rochella,Laugharne,rlaugharnegi@netscape.com,Female,3.1559.32.253
596,Cary,Helm,chelmgj@123-reg.co.uk,Male,229.155.169.128
597,Lek,Hydes,lhydesgk@tinypic.com,Male,108.68.164.89
598,Rip,Barefoot,rbarefootgl@ebay.com,Male,183.173.217.88
599,Renato,Ebbings,rebbingsgm@nydailynews.com,Male,109.34.100.132
600,Melodee,Brockhurst,mbrockhurstgn@bloglovin.com,Female,254.189.127.212
601,Atlante,Shafier,ashafiergo@oracle.com,Female,109.68.210.6
602,Sybille,Riediger,sriedigergp@mtv.com,Female,165.239.137.252
603,Yorgos,Grigoriscu,ygrigoriscugq@imgur.com,Male,224.51.168.238
604,Guido,Gladbeck,ggladbeckgr@constantcontact.com,Male,54.214.1555.185
605,Kath,Sorensen,ksorensengs@howstuffworks.com,Female,109.91.11.155
606,Noel,January,njanuarygt@yellowpages.com,Genderqueer,102.125.46.124
607,Lezlie,Scates,lscatesgu@etsy.com,Female,74.243.22.89
608,Romola,Cowdrey,rcowdreygv@webs.com,Female,225.1550.134.172
609,Lethia,Tipper,ltippergw@alexa.com,Female,82.111.189.112
610,Janna,Lumpkin,jlumpkingx@cnet.com,Female,74.13.163.241
611,Webster,Birdwhistell,wbirdwhistellgy@infoseek.co.jp,Non-binary,44.213.207.77
612,Lorelle,Kale,lkalegz@yale.edu,Female,229.162.236.163
613,Vinni,Lill,vlillh0@vk.com,Female,141.31.42.130
614,Shaina,McVane,smcvaneh1@i2i.jp,Female,52.50.108.239
6155,Rosaleen,Adacot,radacoth2@netvibes.com,Female,26.225.48.50
616,Stephanie,Massie,smassieh3@cyberchimps.com,Female,123.168.25.2155
617,Rory,Tharme,rtharmeh4@loc.gov,Female,147.217.194.248
618,Brook,Suttell,bsuttellh5@photobucket.com,Male,200.2155.230.110
619,Ruperto,Kyneton,rkynetonh6@ning.com,Male,45.43.166.49
620,Inessa,Trenaman,itrenamanh7@hud.gov,Female,186.135.1552.839
621,Martainn,Lievesley,mlievesleyh8@opensource.org,Male,202.174.30.52
622,Toby,Pohlke,tpohlkeh9@go.com,Female,182.130.210.1557
623,Stirling,Jeune,sjeuneha@dmoz.org,Male,48.214.81.95
624,Alastair,Roumier,aroumierhb@boston.com,Agender,97.236.194.169
625,Alleen,Setchell,asetchellhc@ucsd.edu,Female,10.243.213.245
626,Petra,Midlane,pmidlanehd@intel.com,Female,242.64.226.249
627,Fae,Petyt,fpetythe@comcast.net,Female,76.169.218.62
628,Tulley,Georgins,tgeorginshf@instagram.com,Male,170.1555.4.185
629,Cristobal,Dunkley,cdunkleyhg@chicagotribune.com,Male,252.212.124.216
630,Sylvester,Konerding,skonerdinghh@salon.com,Male,155.98.20.78
631,Fons,Branton,fbrantonhi@dmoz.org,Male,131.83.1556.247
632,Hyacinthia,Dungey,hdungeyhj@issuu.com,Female,106.217.193.1557
633,Syd,Semark,ssemarkhk@japanpost.jp,Male,53.237.167.229
634,Brooke,Sachno,bsachnohl@mediafire.com,Female,131.221.114.136
635,Gretta,Petch,gpetchhm@washingtonpost.com,Female,203.253.111.64
636,Panchito,Guisot,pguisothn@sciencedaily.com,Male,1554.52.221.229
637,Yanaton,Potes,ypotesho@wunderground.com,Male,3.140.61.81
638,Zebulen,Kemball,zkemballhp@pagesperso-orange.fr,Male,255.27.222.44
639,Mathew,Overel,moverelhq@businessinsider.com,Male,121.135.97.28
640,Letty,Dacres,ldacreshr@home.pl,Female,165.118.209.199
641,Ginnifer,Picard,gpicardhs@cbc.ca,Female,146.48.124.219
642,Donetta,Coulter,dcoulterht@shinystat.com,Female,2155.46.102.163
643,Corny,Cutridge,ccutridgehu@wikia.com,Male,23.5.244.162
644,Johann,Feeham,jfeehamhv@hc360.com,Male,28.90.170.196
645,Athene,Charters,achartershw@plala.or.jp,Female,3.0.183.114
646,Aleece,Pleuman,apleumanhx@purevolume.com,Female,211.219.238.229
647,Clim,Vitler,cvitlerhy@berkeley.edu,Male,40.251.223.26
648,Erica,Netherwood,enetherwoodhz@edublogs.org,Female,212.141.108.56
649,Adham,Sheddan,asheddani0@tinyurl.com,Male,241.162.220.29
650,Dode,Finnimore,dfinnimorei1@csmonitor.com,Female,175.117.28.135
651,Carolina,Paprotny,cpaprotnyi2@ning.com,Female,208.73.201.48
652,Tommi,Brill,tbrilli3@barnesandnoble.com,Female,184.160.69.1555
653,Lyle,todor,ltodori4@canalblog.com,Male,116.20.202.79
654,Britni,Stivani,bstivanii5@opensource.org,Female,253.30.99.238
655,Hertha,Sebert,hseberti6@exblog.jp,Female,42.223.62.247
656,Odelia,Rainforth,orainforthi7@wikia.com,Female,94.93.130.185
657,Abel,Moryson,amorysoni8@sphinn.com,Polygender,19.141.2.42
658,Adele,Mahy,amahyi9@adobe.com,Female,253.103.80.18
659,Teodoor,Leatham,tleathamia@homestead.com,Male,145.128.74.73
660,Shoshanna,Janczyk,sjanczykib@barnesandnoble.com,Female,200.161.236.53
661,Cash,Rihanek,crihanekic@flavors.me,Male,144.26.111.229
662,Kikelia,McCuish,kmccuishid@springer.com,Female,24.52.49.107
663,Weylin,Hymers,whymersie@live.com,Agender,3.193.166.95
664,Llewellyn,Bilfoot,lbilfootif@techcrunch.com,Male,6.245.99.97
665,Cecelia,Cufflin,ccufflinig@elegantthemes.com,Female,17.49.52.46
666,Tyson,McCaskill,tmccaskillih@cdbaby.com,Male,176.206.89.226
667,Carmon,Persent,cpersentii@de.vu,Female,128.204.1155.85
668,Catharina,Stannering,cstanneringij@nature.com,Female,81.76.85.1557
669,Chiarra,Frame,cframeik@cnet.com,Non-binary,114.14.190.102
670,Patrizia,Leser,pleseril@blinklist.com,Female,4.102.147.206
671,Daveen,Loder,dloderim@dailymail.co.uk,Female,240.68.139.146
672,Monti,Margiotta,mmargiottain@tamu.edu,Male,242.129.216.201
673,Art,Filipychev,afilipychevio@infoseek.co.jp,Male,97.101.20.26
674,Salomo,MacFarlan,smacfarlanip@webmd.com,Male,192.82.139.75
675,Melisenda,MacNeish,mmacneishiq@wiley.com,Female,244.149.93.219
676,Vassily,Hender,vhenderir@eventbrite.com,Male,73.94.105.36
677,Dore,Tebboth,dtebbothis@earthlink.net,Female,242.92.182.104
678,Cornall,Mangin,cmanginit@csmonitor.com,Male,205.85.248.141
679,Arlina,Dechelle,adechelleiu@github.com,Female,243.177.163.53
680,Marlow,Heersma,mheersmaiv@shop-pro.jp,Non-binary,2.20.95.59
681,Justus,Bachnic,jbachniciw@arizona.edu,Male,13.110.222.1155
682,Ivor,Dorie,idorieix@sourceforge.net,Genderqueer,251.46.32.252
683,Casper,Tootell,ctootelliy@unblog.fr,Male,38.173.96.134
684,Giovanna,Fyndon,gfyndoniz@phoca.cz,Female,31.1558.168.178
685,Lydon,Worg,lworgj0@xinhuanet.com,Polygender,31.30.189.83
686,Jeannine,Colwell,jcolwellj1@wikipedia.org,Female,54.60.65.163
687,Keelby,Gibbins,kgibbinsj2@simplemachines.org,Male,19.88.147.141
688,Raddie,Brunelleschi,rbrunelleschij3@census.gov,Male,251.247.136.76
689,Matias,Tremethack,mtremethackj4@boston.com,Male,26.24.114.40
690,Jack,Ebrall,jebrallj5@yale.edu,Male,211.249.135.99
691,Gaby,Cardenas,gcardenasj6@blog.com,Male,1.208.227.76
692,Papageno,Reagan,preaganj7@hexun.com,Male,192.232.97.43
693,Flinn,Milesop,fmilesopj8@myspace.com,Non-binary,112.223.121.78
694,Bastien,Vedyasov,bvedyasovj9@aol.com,Male,54.130.107.98
695,Agosto,McKinnell,amckinnellja@creativecommons.org,Male,36.196.839.98
696,Cull,Twentyman,ctwentymanjb@ameblo.jp,Male,51.18.50.74
697,Gregoire,Hillan,ghillanjc@over-blog.com,Male,222.119.22.4
698,Magdaia,Itscowics,mitscowicsjd@discuz.net,Female,839.68.228.142
699,Tito,Will,twillje@unblog.fr,Male,87.121.126.214
700,Terencio,Bougen,tbougenjf@amazon.com,Male,22.140.114.255
701,Lishe,Sigge,lsiggejg@digg.com,Female,240.227.178.239
702,Palmer,Starie,pstariejh@rambler.ru,Male,165.1.254.73
703,Derwin,Mundy,dmundyji@booking.com,Male,253.136.207.176
704,Walt,Hynson,whynsonjj@example.com,Bigender,241.249.86.168
705,Merrilee,Spoure,mspourejk@ihg.com,Female,200.119.62.165
706,Rodolph,McCaughey,rmccaugheyjl@networkadvertising.org,Male,86.82.172.105
707,Carlynn,Lowre,clowrejm@virginia.edu,Bigender,254.57.64.110
708,Beck,Farriar,bfarriarjn@pinterest.com,Male,231.108.125.210
709,Tamar,Spur,tspurjo@desdev.cn,Female,94.75.136.247
710,Gerianne,Ranklin,granklinjp@photobucket.com,Female,146.79.83.198
711,Donalt,Lippini,dlippinijq@homestead.com,Male,223.103.34.53
712,Rance,Brusin,rbrusinjr@reverbnation.com,Male,20.1559.116.111
713,Teresita,Yegoshin,tyegoshinjs@rediff.com,Female,88.26.203.9
714,Vinnie,Mynard,vmynardjt@geocities.com,Female,99.64.221.48
7155,Giordano,Whiteland,gwhitelandju@spotify.com,Male,242.224.48.5
716,Emelina,Wennam,ewennamjv@1688.com,Female,103.221.134.170
717,Wanids,Parnall,wparnalljw@answers.com,Female,128.13.22.70
718,Rhys,Elwill,relwilljx@wufoo.com,Male,65.78.78.89
719,Worth,Rathbourne,wrathbournejy@about.me,Male,1155.6.80.164
720,Celesta,Shetliff,cshetliffjz@arizona.edu,Female,176.123.164.94
721,Robert,Lockey,rlockeyk0@ycombinator.com,Male,91.82.111.220
722,Orton,Coggen,ocoggenk1@diigo.com,Male,188.211.53.69
723,Carri,Gittose,cgittosek2@umn.edu,Female,83.163.113.1555
724,Nata,Tockell,ntockellk3@techcrunch.com,Female,176.44.40.2155
725,Guido,Groveham,ggrovehamk4@reuters.com,Male,97.195.182.236
726,Kassey,Hinz,khinzk5@istockphoto.com,Female,178.236.107.82
727,Bride,Uwins,buwinsk6@mapquest.com,Female,228.77.191.249
728,Cristobal,Rugieri,crugierik7@paypal.com,Polygender,77.27.81.200
729,Marigold,Habden,mhabdenk8@jimdo.com,Female,82.183.201.136
730,Nevile,Strangeways,nstrangewaysk9@ebay.co.uk,Male,160.6.182.66
731,Lidia,Stollsteimer,lstollsteimerka@feedburner.com,Female,127.233.221.190
732,Denys,Halpine,dhalpinekb@hao123.com,Male,181.186.180.187
733,Kalina,Pedgrift,kpedgriftkc@nih.gov,Female,32.225.226.142
734,Abey,Schwandt,aschwandtkd@ning.com,Non-binary,211.8.127.201
735,Jeremiah,Mengo,jmengoke@tinypic.com,Male,187.130.181.216
736,Reynard,Tarpey,rtarpeykf@51.la,Male,4.94.166.99
737,Kamilah,Madison,kmadisonkg@china.com.cn,Female,241.223.55.175
738,Aristotle,Philott,aphilottkh@woothemes.com,Male,2155.0.181.197
739,Patton,Smeaton,psmeatonki@ask.com,Male,113.92.54.214
740,Bruce,Sorbie,bsorbiekj@pbs.org,Male,187.231.63.83
741,Alisa,Giotto,agiottokk@hubpages.com,Female,121.183.193.32
742,Lanae,Boome,lboomekl@jigsy.com,Female,59.162.55.36
743,Gorden,Mongain,gmongainkm@economist.com,Male,87.239.135.26
744,Tuck,Matyatin,tmatyatinkn@ucoz.com,Male,184.111.250.220
745,Salli,Gammade,sgammadeko@merriam-webster.com,Female,142.88.207.37
746,Gris,Budgett,gbudgettkp@craigslist.org,Male,180.94.179.65
747,Robbert,Touzey,rtouzeykq@usgs.gov,Male,86.31.109.198
748,Selena,Harfoot,sharfootkr@msn.com,Female,172.72.76.1552
749,Harwilll,Dupree,hdupreeks@economist.com,Male,37.0.8.255
750,Seumas,Pretley,spretleykt@arstechnica.com,Male,121.85.190.242
751,Gray,Dunnett,gdunnettku@europa.eu,Male,74.242.206.206
752,Dulcia,Loncaster,dloncasterkv@google.ru,Female,6.77.95.1555
753,Jaymee,Bouch,jbouchkw@mayoclinic.com,Female,60.81.192.35
754,Desmond,Decayette,ddecayettekx@google.com,Male,125.133.109.190
755,Leonore,Gatheral,lgatheralky@bloglovin.com,Female,64.176.57.171
756,Sancho,Niesing,sniesingkz@i2i.jp,Male,205.188.119.1
757,Kenneth,Spracklin,kspracklinl0@furl.net,Male,184.206.172.244
758,Viva,Gillivrie,vgillivriel1@hexun.com,Female,67.1551.77.63
759,Ibrahim,Packham,ipackhaml2@newsvine.com,Male,194.237.80.190
760,Sorcha,Coley,scoleyl3@godaddy.com,Female,1550.36.54.161
761,Derrik,Shelbourne,dshelbournel4@reference.com,Male,241.37.91.218
762,Keith,Simnell,ksimnelll5@slideshare.net,Male,57.69.63.75
763,Barron,Botley,bbotleyl6@salon.com,Male,21.119.109.135
764,Abbe,O'Cannon,aocannonl7@reverbnation.com,Female,90.134.43.63
765,Myca,Legges,mleggesl8@google.com.br,Male,87.99.107.100
766,Clementius,Joret,cjoretl9@buzzfeed.com,Male,145.111.233.134
767,Elyse,Davers,edaversla@reference.com,Female,83.193.839.248
768,Ivar,Maffini,imaffinilb@dyndns.org,Male,112.45.9.253
769,Luise,McMurray,lmcmurraylc@slashdot.org,Polygender,125.207.207.122
770,Benito,Stookes,bstookesld@shareasale.com,Male,165.134.148.1
771,Jenilee,La Grange,jlagrangele@tinypic.com,Female,1558.82.2155.181
772,Aigneis,Innocent,ainnocentlf@nifty.com,Genderqueer,223.43.241.254
773,Lacy,Beatty,lbeattylg@sphinn.com,Female,195.230.107.76
774,Kin,Merritt,kmerrittlh@cbslocal.com,Male,230.140.35.1552
775,Kathe,Theobalds,ktheobaldsli@addtoany.com,Non-binary,249.62.113.239
776,Garald,Littleover,glittleoverlj@homestead.com,Male,41.127.28.144
777,Goraud,Naldrett,gnaldrettlk@chron.com,Bigender,122.245.1556.246
778,Niven,Jardein,njardeinll@youtube.com,Genderfluid,100.34.23.85
779,Rodolph,Radeliffe,rradeliffelm@whitehouse.gov,Male,137.183.28.23
780,Merissa,McRannell,mmcrannellln@instagram.com,Polygender,89.80.148.129
781,Adams,Brunesco,abrunescolo@typepad.com,Male,1155.136.186.57
782,Ivory,Honywill,ihonywilllp@marketwatch.com,Female,178.170.129.105
783,Bernard,Noddles,bnoddleslq@illinois.edu,Genderfluid,72.29.24.188
784,Tatiania,Bulgen,tbulgenlr@purevolume.com,Female,31.107.178.48
785,See,Heining,sheiningls@issuu.com,Bigender,50.108.183.96
786,Carolus,McLenahan,cmclenahanlt@mtv.com,Male,9.1559.1.10
787,Benjamin,Dalston,bdalstonlu@sogou.com,Male,55.243.173.101
788,Honey,Nicholls,hnichollslv@squarespace.com,Female,39.145.124.235
789,Tomasina,Perfect,tperfectlw@yellowpages.com,Female,1.92.233.160
790,Andie,Virgo,avirgolx@stanford.edu,Male,67.64.202.79
791,Lory,Itzcak,litzcakly@hexun.com,Female,245.248.238.69
792,Robina,Cowins,rcowinslz@wufoo.com,Female,250.70.226.142
793,Minna,Skentelbury,mskentelburym0@nyu.edu,Female,135.1555.211.132
794,Dorree,Carrabott,dcarrabottm1@house.gov,Polygender,126.180.112.51
795,Shell,Roll,srollm2@sina.com.cn,Female,26.213.53.31
796,Belle,Lamminam,blamminamm3@infoseek.co.jp,Female,180.8.0.194
797,Ottilie,Love,olovem4@google.co.jp,Female,32.78.117.91
798,Uri,Isaksson,uisakssonm5@foxnews.com,Male,246.233.66.213
799,Reine,Gaytor,rgaytorm6@instagram.com,Female,2.23.21.140
800,Alyda,Witcomb,awitcombm7@gravatar.com,Female,224.184.211.155
801,Pancho,Machel,pmachelm8@miibeian.gov.cn,Male,181.235.49.169
802,Cobby,Sertin,csertinm9@cyberchimps.com,Male,4.179.135.48
803,Dru,Persse,dperssema@usda.gov,Male,135.144.57.226
804,Marney,Roft,mroftmb@blogs.com,Female,167.205.172.224
805,Orly,Keele,okeelemc@ucsd.edu,Female,32.179.223.237
806,Penn,Haborn,phabornmd@themeforest.net,Male,204.31.53.50
807,Shawn,Kitto,skittome@businessweek.com,Male,178.62.110.23
808,Karisa,Whichelow,kwhichelowmf@oakley.com,Female,222.79.129.106
809,Serge,Pawson,spawsonmg@nhs.uk,Male,47.112.226.21
810,Joye,O'Flaverty,joflavertymh@twitter.com,Female,80.160.169.74
811,Chrisse,Oguz,coguzmi@qq.com,Male,76.171.66.131
812,Aeriel,Wheelband,awheelbandmj@discovery.com,Female,192.24.1552.187
813,Letizia,Iacovucci,liacovuccimk@msu.edu,Female,55.21.65.119
814,Winnah,Matus,wmatusml@storify.com,Female,219.134.155.213
8155,Guido,Bergeau,gbergeaumm@adobe.com,Male,113.176.198.242
816,Jaquenette,Marke,jmarkemn@lulu.com,Female,192.71.1556.81
817,Rea,Defau,rdefaumo@dell.com,Genderfluid,97.100.246.119
818,Joey,Boggas,jboggasmp@addthis.com,Female,121.180.203.39
819,Conrado,Bibbie,cbibbiemq@addthis.com,Male,231.206.43.0
820,Carolynn,Fandrich,cfandrichmr@toplist.cz,Female,130.74.149.239
821,Eugenio,Lingfoot,elingfootms@businessweek.com,Bigender,26.80.100.71
822,Drew,Hallgarth,dhallgarthmt@amazon.de,Male,14.58.241.164
823,Doloritas,Smiths,dsmithsmu@php.net,Female,124.1553.1155.180
824,Maynord,Ravenscroftt,mravenscrofttmv@so-net.ne.jp,Male,220.161.205.254
825,Lenard,Decort,ldecortmw@fda.gov,Male,194.103.216.88
826,Damian,Andreassen,dandreassenmx@about.me,Male,80.127.217.108
827,Cleavland,McIleen,cmcileenmy@time.com,Genderqueer,213.169.7.36
828,Idaline,Salsbury,isalsburymz@princeton.edu,Female,200.147.84.77
829,Isac,Arnault,iarnaultn0@angelfire.com,Male,144.97.1557.183
830,Zechariah,Gulberg,zgulbergn1@ameblo.jp,Non-binary,175.117.56.33
831,August,Oherlihy,aoherlihyn2@homestead.com,Male,5.216.58.103
832,Rabi,Tupman,rtupmann3@nymag.com,Male,226.85.190.224
833,Muriel,Neasam,mneasamn4@diigo.com,Female,247.32.140.196
834,Gregor,Chancellor,gchancellorn5@indiatimes.com,Non-binary,122.114.169.35
835,Thorpe,Glossop,tglossopn6@yolasite.com,Male,1.208.80.53
836,Maryl,Kofax,mkofaxn7@altervista.org,Female,229.1.98.128
837,Cleve,Betham,cbethamn8@wix.com,Male,243.160.11.174
838,Issiah,Bulter,ibultern9@blogspot.com,Male,176.97.203.187
839,Hazlett,Wilstead,hwilsteadna@51.la,Male,228.94.165.185
840,Mariska,Bushe,mbushenb@behance.net,Female,68.97.183.91
841,Ulick,Lockhart,ulockhartnc@jugem.jp,Male,180.103.10.102
842,Donny,Easterby,deasterbynd@jalbum.net,Female,175.98.122.56
843,Eli,Clink,eclinkne@zimbio.com,Male,225.239.223.248
844,Layton,Osgorby,losgorbynf@geocities.jp,Male,125.218.17.180
845,Fulvia,Loveless,flovelessng@arizona.edu,Female,183.239.75.1550
846,Nissie,Adolf,nadolfnh@state.tx.us,Female,22.19.255.89
847,Mitchell,Whitbread,mwhitbreadni@taobao.com,Bigender,234.9.94.90
848,Kermit,Faulkener,kfaulkenernj@pbs.org,Male,13.21.40.27
849,Aurelia,Echlin,aechlinnk@businessinsider.com,Female,0.44.94.104
850,Bret,Jakubovitch,bjakubovitchnl@nytimes.com,Male,61.74.170.1557
851,Dyana,Castelijn,dcastelijnnm@yellowbook.com,Agender,245.144.253.102
852,Beryle,Kilmary,bkilmarynn@unblog.fr,Female,1556.49.43.226
853,Delainey,Pearde,dpeardeno@scribd.com,Male,134.214.133.99
854,Willy,Rhelton,wrheltonnp@marriott.com,Genderqueer,48.135.21.240
855,Veronike,Bras,vbrasnq@ameblo.jp,Female,122.85.113.194
856,Bruis,Killich,bkillichnr@umn.edu,Agender,237.105.7.29
857,Otha,Gutridge,ogutridgens@bandcamp.com,Female,17.229.120.35
858,Adamo,Ravilus,aravilusnt@nps.gov,Genderqueer,240.23.180.248
859,Lynnett,Gligori,lgligorinu@google.com.hk,Female,112.236.35.148
860,Rozanna,Hawking,rhawkingnv@gravatar.com,Female,194.31.244.178
861,Maury,Filipov,mfilipovnw@topsy.com,Male,231.172.179.66
862,Mikol,Mousby,mmousbynx@yale.edu,Non-binary,194.118.46.11
863,Jervis,Pakeman,jpakemanny@bbc.co.uk,Male,166.23.1556.210
864,Amil,Bergstram,abergstramnz@freewebs.com,Agender,148.109.176.133
865,Carroll,Sandyford,csandyfordo0@opera.com,Genderfluid,64.108.71.223
866,Jody,Skyppe,jskyppeo1@mapy.cz,Polygender,218.179.111.137
867,Karlens,Dupoy,kdupoyo2@deliciousdays.com,Male,203.48.118.199
868,Sibyl,Scarsbrooke,sscarsbrookeo3@xinhuanet.com,Female,210.199.166.64
869,Ervin,Tomalin,etomalino4@so-net.ne.jp,Male,103.163.226.112
870,Darwin,Di Carlo,ddicarloo5@businessweek.com,Male,5.1555.81.40
871,Milty,Scola,mscolao6@ycombinator.com,Male,35.119.88.149
872,Jerry,Matteo,jmatteoo7@apple.com,Male,203.199.202.69
873,Drugi,Macklam,dmacklamo8@cbsnews.com,Genderqueer,42.49.188.68
874,Hamel,Cockson,hcocksono9@wunderground.com,Male,58.1558.51.170
875,Fredi,De Minico,fdeminicooa@hud.gov,Female,213.65.218.113
876,Rois,Aloway,ralowayob@storify.com,Female,62.197.239.75
877,Leona,Gilbert,lgilbertoc@cisco.com,Female,233.145.130.222
878,Rhianna,Fenck,rfenckod@blogs.com,Female,106.1.168.74
879,Axe,Breddy,abreddyoe@reddit.com,Male,171.28.101.109
880,Cody,Kemitt,ckemittof@sfgate.com,Agender,226.52.241.220
881,Electra,Harome,eharomeog@ucla.edu,Female,130.92.234.24
882,Phelia,Stinson,pstinsonoh@auda.org.au,Female,47.246.91.248
883,Kermie,O'Crevy,kocrevyoi@shop-pro.jp,Male,4.12.187.19
884,Darrelle,Scarth,dscarthoj@jalbum.net,Female,112.42.179.83
885,Eran,Witt,ewittok@woothemes.com,Female,1.32.6.5
886,Glenn,Natwick,gnatwickol@soup.io,Male,248.166.137.182
887,Merrel,Sambidge,msambidgeom@apple.com,Male,179.165.129.204
888,Tades,Grishenkov,tgrishenkovon@tumblr.com,Male,146.241.242.210
889,Lanna,Tidbold,ltidboldoo@moonfruit.com,Female,103.86.118.31
890,Hanson,Wilcock,hwilcockop@examiner.com,Male,248.173.1552.0
891,Catarina,Rubbens,crubbensoq@edublogs.org,Female,66.205.203.2155
892,Phyllys,Gracey,pgraceyor@netvibes.com,Genderfluid,212.38.73.31
893,Reggie,Ridgley,rridgleyos@ca.gov,Agender,204.117.205.231
894,Annmaria,Sterzaker,asterzakerot@eventbrite.com,Female,179.31.213.214
895,Zebedee,Heintzsch,zheintzschou@taobao.com,Male,162.63.113.111
896,Terencio,Pedlar,tpedlarov@cbsnews.com,Male,105.50.138.111
897,Sibylla,Vigors,svigorsow@tinypic.com,Female,233.135.22.69
898,Chet,Mart,cmartox@squarespace.com,Male,182.235.237.98
899,Shepard,Morrell,smorrelloy@godaddy.com,Male,30.108.112.26
900,Algernon,Gannon,agannonoz@slideshare.net,Male,18.9.28.59
901,Cal,Skittle,cskittlep0@nasa.gov,Female,237.229.224.148
902,Cynde,Fausset,cfaussetp1@mediafire.com,Female,133.225.220.2155
903,Mead,Titley,mtitleyp2@sciencedaily.com,Female,123.175.48.137
904,Lion,Lynagh,llynaghp3@ehow.com,Male,155.132.70.19
905,Kerr,Haile,khailep4@wired.com,Male,62.45.139.46
906,Meara,Robardley,mrobardleyp5@bing.com,Female,9.46.1557.213
907,Devin,Christensen,dchristensenp6@list-manage.com,Female,199.71.130.231
908,Zandra,Lovatt,zlovattp7@amazon.de,Genderfluid,218.66.107.129
909,Mauricio,Edgworth,medgworthp8@multiply.com,Male,253.62.221.185
910,Leeanne,Lesser,llesserp9@qq.com,Female,28.132.94.107
911,Elie,Stoad,estoadpa@exblog.jp,Female,49.246.224.160
912,Patrizia,Joao,pjoaopb@desdev.cn,Female,194.36.107.98
913,Cybil,Bleeze,cbleezepc@istockphoto.com,Female,230.3.39.58
914,Thurston,Lackington,tlackingtonpd@cam.ac.uk,Male,29.214.94.204
9155,Lennard,Outright,loutrightpe@businesswire.com,Male,222.73.176.87
916,Glenden,Lindeboom,glindeboompf@acquirethisname.com,Male,9.155.65.239
917,Jody,Cavendish,jcavendishpg@home.pl,Female,155.222.179.229
918,Faydra,Dranfield,fdranfieldph@who.int,Female,104.6.34.64
919,Karisa,Shuxsmith,kshuxsmithpi@tumblr.com,Female,252.196.8.202
920,Barr,Lucio,bluciopj@bloomberg.com,Bigender,57.191.242.6
921,Kele,Jowitt,kjowittpk@networksolutions.com,Male,1550.190.76.1557
922,Teodor,Swains,tswainspl@auda.org.au,Male,223.77.249.91
923,Anselm,Konertz,akonertzpm@naver.com,Male,27.190.106.79
924,Al,Rulton,arultonpn@oakley.com,Polygender,47.117.77.210
925,Zollie,Hazeley,zhazeleypo@w3.org,Male,101.194.35.123
926,Hunt,Newgrosh,hnewgroshpp@globo.com,Male,139.160.1551.168
927,Judd,Groveham,jgrovehampq@wordpress.com,Male,41.1550.253.118
928,Cristy,Exroll,cexrollpr@redcross.org,Female,121.90.11.251
929,Fredric,Yukhnin,fyukhninps@i2i.jp,Male,164.197.95.124
930,Kati,Melmeth,kmelmethpt@accuweather.com,Female,14.1558.48.96
931,Bucky,Drugan,bdruganpu@salon.com,Male,226.188.126.116
932,Bren,Gobeau,bgobeaupv@mozilla.org,Male,32.124.130.98
933,Jarred,Archley,jarchleypw@newyorker.com,Male,89.71.109.197
934,Sher,Lartice,slarticepx@unc.edu,Female,240.212.171.211
935,Batsheva,Levecque,blevecquepy@phpbb.com,Agender,96.1558.237.77
936,Gabbie,Kentwell,gkentwellpz@samsung.com,Female,43.134.82.145
937,Mora,Simco,msimcoq0@facebook.com,Female,195.249.228.35
938,Xylia,McMillian,xmcmillianq1@eepurl.com,Female,222.214.105.62
939,Nilson,Burnes,nburnesq2@sun.com,Male,45.58.7.193
940,Roscoe,Yitzowitz,ryitzowitzq3@51.la,Male,202.1559.208.68
941,Wat,Vail,wvailq4@prnewswire.com,Male,239.234.207.189
942,Betti,Overthrow,boverthrowq5@pen.io,Female,27.233.189.28
943,Felipe,Brunroth,fbrunrothq6@usda.gov,Male,252.29.207.169
944,Doralin,Ast,dastq7@samsung.com,Female,134.187.132.205
945,Graig,Youngs,gyoungsq8@cloudflare.com,Male,72.188.95.50
946,Yard,Dondon,ydondonq9@cdbaby.com,Male,141.140.68.123
947,Hedy,Cavell,hcavellqa@feedburner.com,Female,234.1155.86.26
948,Aube,Swyer,aswyerqb@unblog.fr,Male,62.106.46.80
949,Correy,Bolsteridge,cbolsteridgeqc@europa.eu,Agender,141.1558.230.11
950,Vere,Nozzolinii,vnozzoliniiqd@4shared.com,Female,203.237.2155.134
951,Vito,Esterbrook,vesterbrookqe@sun.com,Male,219.65.55.116
952,Giustino,Ledner,glednerqf@samsung.com,Male,164.4.191.192
953,Adaline,Gradon,agradonqg@tmall.com,Female,193.68.27.8
954,Bertram,Lutzmann,blutzmannqh@vimeo.com,Non-binary,239.250.121.188
955,Lay,Oby,lobyqi@mozilla.com,Male,86.209.235.87
956,Bernardina,Fylan,bfylanqj@dropbox.com,Genderqueer,55.128.1551.243
957,Helenelizabeth,Davioud,hdavioudqk@statcounter.com,Female,39.49.108.60
958,Creigh,Buxy,cbuxyql@google.fr,Male,230.142.138.12
959,Helga,Ingleson,hinglesonqm@zdnet.com,Female,187.87.35.148
960,Darelle,Mallaby,dmallabyqn@1und1.de,Female,107.41.123.222
961,Katti,Partener,kpartenerqo@over-blog.com,Non-binary,255.203.228.175
962,Edgardo,Fessby,efessbyqp@vinaora.com,Genderfluid,251.99.6.25
963,Morrie,Lembke,mlembkeqq@theatlantic.com,Male,81.164.34.223
964,Gleda,Greenshields,ggreenshieldsqr@ucsd.edu,Female,203.214.76.248
965,Emelyne,Steenson,esteensonqs@apache.org,Female,251.171.4.241
966,Bennie,Noden,bnodenqt@webnode.com,Male,76.106.238.245
967,Travers,Gerty,tgertyqu@walmart.com,Male,192.80.182.147
968,Meg,Cutler,mcutlerqv@freewebs.com,Female,199.56.59.9
969,Quinton,Satyford,qsatyfordqw@berkeley.edu,Male,106.247.97.98
970,Richmound,Posen,rposenqx@linkedin.com,Male,162.88.234.54
971,Flinn,Emm,femmqy@mtv.com,Male,120.226.99.193
972,Lucila,Landal,llandalqz@pinterest.com,Female,220.41.243.86
973,Arlette,Fenix,afenixr0@wunderground.com,Female,27.161.210.239
974,Darya,Stothert,dstothertr1@macromedia.com,Female,251.168.134.103
975,Bart,Wetherhead,bwetherheadr2@purevolume.com,Male,178.106.96.209
976,Jsandye,Wilgar,jwilgarr3@gravatar.com,Female,122.238.81.253
977,Nicki,Edwards,nedwardsr4@yelp.com,Female,0.36.217.78
978,Marnia,Forrestor,mforrestorr5@state.gov,Female,233.193.71.1556
979,Athena,Lavielle,alavieller6@ehow.com,Female,104.71.32.37
980,Guilbert,Iacobetto,giacobettor7@stumbleupon.com,Agender,13.219.7.169
981,Lanny,Besson,lbessonr8@merriam-webster.com,Male,56.235.35.81
982,Ciel,Perfect,cperfectr9@fc2.com,Female,24.112.1555.24
983,Dick,Cason,dcasonra@cafepress.com,Male,172.97.155.171
984,Rab,MacRirie,rmacririerb@xinhuanet.com,Male,202.111.70.106
985,Randal,Ondrasek,rondrasekrc@guardian.co.uk,Male,155.37.68.89
986,Kristo,Demangeot,kdemangeotrd@geocities.com,Male,247.39.121.137
987,Juliette,Lagne,jlagnere@blogs.com,Female,49.92.166.113
988,Rockwell,MacDunleavy,rmacdunleavyrf@hatena.ne.jp,Male,22.33.87.249
989,Valle,Brazener,vbrazenerrg@cyberchimps.com,Male,24.53.39.1553
990,Mellie,Southcott,msouthcottrh@cnn.com,Female,38.226.155.85
991,Morry,Brinkworth,mbrinkworthri@state.tx.us,Male,203.139.161.45
992,Del,Trayling,dtraylingrj@nih.gov,Female,31.97.171.86
993,Alva,Frayn,afraynrk@icio.us,Male,208.162.226.178
994,Gerda,Mansuer,gmansuerrl@rambler.ru,Female,62.1556.233.212
995,Keefe,Paty,kpatyrm@webeden.co.uk,Male,86.174.54.37
996,Connie,Dewes,cdewesrn@joomla.org,Female,1556.91.1.75
997,Deedee,Ferrar,dferrarro@aboutads.info,Female,10.65.91.254
998,Catlee,Mendel,cmendelrp@lycos.com,Non-binary,166.91.70.204
999,Philly,Coultar,pcoultarrq@bloglovin.com,Female,175.161.12.77
1000,Renado,Barfield,rbarfieldrr@washington.edu,Male,220.6.226.126
